<?xml version="1.0" encoding="UTF-8"?>
<project-private xmlns="http://www.netbeans.org/ns/project-private/1">
    <editor-bookmarks xmlns="http://www.netbeans.org/ns/editor-bookmarks/2" lastBookmarkId="0"/>
    <open-files xmlns="http://www.netbeans.org/ns/projectui-open-files/2">
        <group>
            <file>file:/C:/Users/andre/OneDrive/Escritorio/2do%20Ciclo/POO/trabajo-final-1bim-grupo00002/AdministrarInmobiliaria/src/paquete01/Ejecutor.java</file>
            <file>file:/C:/Users/andre/OneDrive/Escritorio/2do%20Ciclo/POO/trabajo-final-1bim-grupo00002/AdministrarInmobiliaria/src/Write_Read/LecturaArchivoSecuencialPropietario.java</file>
        </group>
    </open-files>
</project-private>
